Workbook
Name Slicer_Attendance_Status: #N/A
Name Slicer_Department: #N/A
Name Slicer_Location: #N/A
Name Slicer_Month: #N/A

Sheet Raw_Data
A1: Employee ID | B1: Employee Name | C1: Department | D1: Job Role | E1: Location | F1: Date | G1: Month | H1: Attendance Status | I1: Working Hours | J1: Overtime Hours | K1: Tasks Completed | L1: Performance Score | M1: Target Task | N1: Achievement % | O1: Salary | P1: Bonus Eligibility | Q1: Manager Rating | R1: Remarks
A2: E001 | B2: Meena | C2: IT | D2: Developer | E2: Bangalore | F2: 45675 | G2: =TEXT(F2,"mmmm") -> January | H2: WFH | I2: 8 | J2: 0 | K2: 10 | L2: 6 | M2: 17 | N2: =K2/M2 -> 0.58823529 | O2: 29441 | P2: =IF(N2>=90%,"Yes","No") -> No | Q2: 6 | R2: Good
A3: E002 | B3: Pooja | C3: Finance | D3: Recruiter | E3: Bangalore | F3: 45676 | G3: =TEXT(F3,"mmmm") -> January | H3: WFH | I3: 8 | J3: 0 | K3: 20 | L3: 7 | M3: 10 | N3: =K3/M3 -> 2 | O3: 47125 | P3: =IF(N3>=90%,"Yes","No") -> Yes | Q3: 7 | R3: Good
A4: E003 | B4: Priya | C4: Sales | D4: Developer | E4: Mumbai | F4: 45677 | G4: =TEXT(F4,"mmmm") -> January | H4: Present | I4: 8 | J4: 1 | K4: 19 | L4: 9 | M4: 18 | N4: =K4/M4 -> 1.0555556 | O4: 40946 | P4: =IF(N4>=90%,"Yes","No") -> Yes | Q4: 9 | R4: Excellent
A5: E004 | B5: Arjun | C5: Finance | D5: Recruiter | E5: Mumbai | F5: 45678 | G5: =TEXT(F5,"mmmm") -> January | H5: Present | I5: 8 | J5: 3 | K5: 16 | L5: 10 | M5: 12 | N5: =K5/M5 -> 1.3333333 | O5: 46961 | P5: =IF(N5>=90%,"Yes","No") -> Yes | Q5: 10 | R5: Excellent
A6: E005 | B6: Kiran | C6: HR | D6: Recruiter | E6: Bangalore | F6: 45679 | G6: =TEXT(F6,"mmmm") -> January | H6: Absent | I6: 0 | J6: 0 | K6: 0 | L6: 9 | M6: 18 | N6: =K6/M6 -> 0 | O6: 43198 | P6: =IF(N6>=90%,"Yes","No") -> No | Q6: 9 | R6: Excellent
A7: E006 | B7: Sneha | C7: IT | D7: Tester | E7: Hyderabad | F7: 45680 | G7: =TEXT(F7,"mmmm") -> January | H7: WFH | I7: 8 | J7: 0 | K7: 9 | L7: 5 | M7: 17 | N7: =K7/M7 -> 0.52941176 | O7: 37630 | P7: =IF(N7>=90%,"Yes","No") -> No | Q7: 5 | R7: Average
A8: E007 | B8: Varun | C8: HR | D8: Analyst | E8: Bangalore | F8: 45681 | G8: =TEXT(F8,"mmmm") -> January | H8: Present | I8: 8 | J8: 0 | K8: 19 | L8: 8 | M8: 12 | N8: =K8/M8 -> 1.5833333 | O8: 34811 | P8: =IF(N8>=90%,"Yes","No") -> Yes | Q8: 8 | R8: Excellent
A9: E008 | B9: Ravi | C9: HR | D9: Analyst | E9: Bangalore | F9: 45682 | G9: =TEXT(F9,"mmmm") -> January | H9: Leave | I9: 0 | J9: 0 | K9: 0 | L9: 3 | M9: 19 | N9: =K9/M9 -> 0 | O9: 29906 | P9: =IF(N9>=90%,"Yes","No") -> No | Q9: 3 | R9: Poor
A10: E009 | B10: Arjun | C10: Sales | D10: Tester | E10: Chennai | F10: 45683 | G10: =TEXT(F10,"mmmm") -> January | H10: WFH | I10: 8 | J10: 0 | K10: 18 | L10: 10 | M10: 17 | N10: =K10/M10 -> 1.0588235 | O10: 31831 | P10: =IF(N10>=90%,"Yes","No") -> Yes | Q10: 10 | R10: Excellent
A11: E010 | B11: Rohit | C11: HR | D11: Manager | E11: Bangalore | F11: 45684 | G11: =TEXT(F11,"mmmm") -> January | H11: Present | I11: 8 | J11: 1 | K11: 15 | L11: 4 | M11: 11 | N11: =K11/M11 -> 1.3636364 | O11: 36770 | P11: =IF(N11>=90%,"Yes","No") -> Yes | Q11: 4 | R11: Average
A12: E011 | B12: Rohit | C12: HR | D12: Tester | E12: Chennai | F12: 45685 | G12: =TEXT(F12,"mmmm") -> January | H12: WFH | I12: 8 | J12: 0 | K12: 18 | L12: 5 | M12: 10 | N12: =K12/M12 -> 1.8 | O12: 32412 | P12: =IF(N12>=90%,"Yes","No") -> Yes | Q12: 5 | R12: Good
A13: E012 | B13: Ravi | C13: Sales | D13: Manager | E13: Hyderabad | F13: 45686 | G13: =TEXT(F13,"mmmm") -> January | H13: Absent | I13: 0 | J13: 0 | K13: 0 | L13: 8 | M13: 12 | N13: =K13/M13 -> 0 | O13: 42165 | P13: =IF(N13>=90%,"Yes","No") -> No | Q13: 8 | R13: Excellent
... A101: E100 | B101: Sneha | C101: IT | D101: Developer | E101: Chennai | F101: 45774 | G101: =TEXT(F101,"mmmm") -> April | H101: Present | I101: 8 | J101: 1 | K101: 16 | L101: 10 | M101: 20 | N101: =K101/M101 -> 0.8 | O101: 48904 | P101: =IF(N101>=90%,"Yes","No") -> No | Q101: 10 | R101: Excellent

Sheet Cleaned_Data 
A1: Employee ID | B1: Employee Name | C1: Department | D1: Job Role | E1: Location | F1: Date | G1: Month | H1: Attendance Status | I1: Working Hours | J1: Overtime Hours | K1: Tasks Completed | L1: Performance Score | M1: Target Task | N1: Achievement % | O1: Salary | P1: Bonus Eligibility | Q1: Manager Rating | R1: Remarks | S1: Clean Employee Name | T1: Clean Department | U1: Clean Attendance | V1: Safe Achievement % | W1: Data Status
A2: E001 | B2: Meena | C2: IT | D2: Developer | E2: Bangalore | F2: 45675 | G2: =TEXT(F2,"mmmm") -> January | H2: WFH | I2: 8 | J2: 0 | K2: 10 | L2: 6 | M2: 17 | N2: =K2/M2 -> 0.58823529 | O2: 29441 | P2: =IF(N2>=90%,"Yes","No") -> No | Q2: 6 | R2: Good | S2: =PROPER(B2) -> Meena | T2: =UPPER(C2) -> IT | U2: =PROPER(H2) -> Wfh | V2: =IFERROR(N2,0) -> 0.58823529 | W2: =IF(OR(A2="",B2="",C2=""),"Incomplete","OK") -> OK
A3: E002 | B3: Pooja | C3: Finance | D3: Recruiter | E3: Bangalore | F3: 45676 | G3: =TEXT(F3,"mmmm") -> January | H3: WFH | I3: 8 | J3: 0 | K3: 20 | L3: 7 | M3: 10 | N3: =K3/M3 -> 2 | O3: 47125 | P3: =IF(N3>=90%,"Yes","No") -> Yes | Q3: 7 | R3: Good | S3: =PROPER(B3) -> Pooja | T3: =UPPER(C3) -> FINANCE | U3: =PROPER(H3) -> Wfh | V3: =IFERROR(N3,0) -> 2 | W3: =IF(OR(A3="",B3="",C3=""),"Incomplete","OK") -> OK
A4: E003 | B4: Priya | C4: Sales | D4: Developer | E4: Mumbai | F4: 45677 | G4: =TEXT(F4,"mmmm") -> January | H4: Present | I4: 8 | J4: 1 | K4: 19 | L4: 9 | M4: 18 | N4: =K4/M4 -> 1.0555556 | O4: 40946 | P4: =IF(N4>=90%,"Yes","No") -> Yes | Q4: 9 | R4: Excellent | S4: =PROPER(B4) -> Priya | T4: =UPPER(C4) -> SALES | U4: =PROPER(H4) -> Present | V4: =IFERROR(N4,0) -> 1.0555556 | W4: =IF(OR(A4="",B4="",C4=""),"Incomplete","OK") -> OK
A5: E004 | B5: Arjun | C5: Finance | D5: Recruiter | E5: Mumbai | F5: 45678 | G5: =TEXT(F5,"mmmm") -> January | H5: Present | I5: 8 | J5: 3 | K5: 16 | L5: 10 | M5: 12 | N5: =K5/M5 -> 1.3333333 | O5: 46961 | P5: =IF(N5>=90%,"Yes","No") -> Yes | Q5: 10 | R5: Excellent | S5: =PROPER(B5) -> Arjun | T5: =UPPER(C5) -> FINANCE | U5: =PROPER(H5) -> Present | V5: =IFERROR(N5,0) -> 1.3333333 | W5: =IF(OR(A5="",B5="",C5=""),"Incomplete","OK") -> OK
A6: E005 | B6: Kiran | C6: HR | D6: Recruiter | E6: Bangalore | F6: 45679 | G6: =TEXT(F6,"mmmm") -> January | H6: Absent | I6: 0 | J6: 0 | K6: 0 | L6: 9 | M6: 18 | N6: =K6/M6 -> 0 | O6: 43198 | P6: =IF(N6>=90%,"Yes","No") -> No | Q6: 9 | R6: Excellent | S6: =PROPER(B6) -> Kiran | T6: =UPPER(C6) -> HR | U6: =PROPER(H6) -> Absent | V6: =IFERROR(N6,0) -> 0 | W6: =IF(OR(A6="",B6="",C6=""),"Incomplete","OK") -> OK
A7: E006 | B7: Sneha | C7: IT | D7: Tester | E7: Hyderabad | F7: 45680 | G7: =TEXT(F7,"mmmm") -> January | H7: WFH | I7: 8 | J7: 0 | K7: 9 | L7: 5 | M7: 17 | N7: =K7/M7 -> 0.52941176 | O7: 37630 | P7: =IF(N7>=90%,"Yes","No") -> No | Q7: 5 | R7: Average | S7: =PROPER(B7) -> Sneha | T7: =UPPER(C7) -> IT | U7: =PROPER(H7) -> Wfh | V7: =IFERROR(N7,0) -> 0.52941176 | W7: =IF(OR(A7="",B7="",C7=""),"Incomplete","OK") -> OK
A8: E007 | B8: Varun | C8: HR | D8: Analyst | E8: Bangalore | F8: 45681 | G8: =TEXT(F8,"mmmm") -> January | H8: Present | I8: 8 | J8: 0 | K8: 19 | L8: 8 | M8: 12 | N8: =K8/M8 -> 1.5833333 | O8: 34811 | P8: =IF(N8>=90%,"Yes","No") -> Yes | Q8: 8 | R8: Excellent | S8: =PROPER(B8) -> Varun | T8: =UPPER(C8) -> HR | U8: =PROPER(H8) -> Present | V8: =IFERROR(N8,0) -> 1.5833333 | W8: =IF(OR(A8="",B8="",C8=""),"Incomplete","OK") -> OK
A9: E008 | B9: Ravi | C9: HR | D9: Analyst | E9: Bangalore | F9: 45682 | G9: =TEXT(F9,"mmmm") -> January | H9: Leave | I9: 0 | J9: 0 | K9: 0 | L9: 3 | M9: 19 | N9: =K9/M9 -> 0 | O9: 29906 | P9: =IF(N9>=90%,"Yes","No") -> No | Q9: 3 | R9: Poor | S9: =PROPER(B9) -> Ravi | T9: =UPPER(C9) -> HR | U9: =PROPER(H9) -> Leave | V9: =IFERROR(N9,0) -> 0 | W9: =IF(OR(A9="",B9="",C9=""),"Incomplete","OK") -> OK
A10: E009 | B10: Arjun | C10: Sales | D10: Tester | E10: Chennai | F10: 45683 | G10: =TEXT(F10,"mmmm") -> January | H10: WFH | I10: 8 | J10: 0 | K10: 18 | L10: 10 | M10: 17 | N10: =K10/M10 -> 1.0588235 | O10: 31831 | P10: =IF(N10>=90%,"Yes","No") -> Yes | Q10: 10 | R10: Excellent | S10: =PROPER(B10) -> Arjun | T10: =UPPER(C10) -> SALES | U10: =PROPER(H10) -> Wfh | V10: =IFERROR(N10,0) -> 1.0588235 | W10: =IF(OR(A10="",B10="",C10=""),"Incomplete","OK") -> OK
A11: E010 | B11: Rohit | C11: HR | D11: Manager | E11: Bangalore | F11: 45684 | G11: =TEXT(F11,"mmmm") -> January | H11: Present | I11: 8 | J11: 1 | K11: 15 | L11: 4 | M11: 11 | N11: =K11/M11 -> 1.3636364 | O11: 36770 | P11: =IF(N11>=90%,"Yes","No") -> Yes | Q11: 4 | R11: Average | S11: =PROPER(B11) -> Rohit | T11: =UPPER(C11) -> HR | U11: =PROPER(H11) -> Present | V11: =IFERROR(N11,0) -> 1.3636364 | W11: =IF(OR(A11="",B11="",C11=""),"Incomplete","OK") -> OK
A12: E011 | B12: Rohit | C12: HR | D12: Tester | E12: Chennai | F12: 45685 | G12: =TEXT(F12,"mmmm") -> January | H12: WFH | I12: 8 | J12: 0 | K12: 18 | L12: 5 | M12: 10 | N12: =K12/M12 -> 1.8 | O12: 32412 | P12: =IF(N12>=90%,"Yes","No") -> Yes | Q12: 5 | R12: Good | S12: =PROPER(B12) -> Rohit | T12: =UPPER(C12) -> HR | U12: =PROPER(H12) -> Wfh | V12: =IFERROR(N12,0) -> 1.8 | W12: =IF(OR(A12="",B12="",C12=""),"Incomplete","OK") -> OK
A13: E012 | B13: Ravi | C13: Sales | D13: Manager | E13: Hyderabad | F13: 45686 | G13: =TEXT(F13,"mmmm") -> January | H13: Absent | I13: 0 | J13: 0 | K13: 0 | L13: 8 | M13: 12 | N13: =K13/M13 -> 0 | O13: 42165 | P13: =IF(N13>=90%,"Yes","No") -> No | Q13: 8 | R13: Excellent | S13: =PROPER(B13) -> Ravi | T13: =UPPER(C13) -> SALES | U13: =PROPER(H13) -> Absent | V13: =IFERROR(N13,0) -> 0 | W13: =IF(OR(A13="",B13="",C13=""),"Incomplete","OK") -> OK
... A101: E100 | B101: Sneha | C101: IT | D101: Developer | E101: Chennai | F101: 45774 | G101: =TEXT(F101,"mmmm") -> April | H101: Present | I101: 8 | J101: 1 | K101: 16 | L101: 10 | M101: 20 | N101: =K101/M101 -> 0.8 | O101: 48904 | P101: =IF(N101>=90%,"Yes","No") -> No | Q101: 10 | R101: Excellent | S101: =PROPER(B101) -> Sneha | T101: =UPPER(C101) -> IT | U101: =PROPER(H101) -> Present | V101: =IFERROR(N101,0) -> 0.8 | W101: =IF(OR(A101="",B101="",C101=""),"Incomplete","OK") -> OK

Sheet Performance Calculation
A1: Employee ID | B1: Employee Name | C1: Department | D1: Month | E1: Working Hours | F1: Overtime Hours | G1: Tasks Completed | H1: Target Tasks | I1: Performance Score | J1: Attendance Status | K1: Achievement % | L1: Attendance Score | M1: Performance Category | N1: Productivity Score | O1: Bonus Eligibility
A2: =HR_CleanTable[[#This Row],[Employee ID]] -> E001 | B2: =HR_CleanTable[[#This Row],[Clean Employee Name]] -> Meena | C2: =HR_CleanTable[[#This Row],[Clean Department]] -> IT | D2: =HR_CleanTable[[#This Row],[Month]] -> January | E2: =HR_CleanTable[[#This Row],[Working Hours ]] -> 8 | F2: =HR_CleanTable[[#This Row],[Overtime Hours]] -> 0 | G2: =HR_CleanTable[[#This Row],[Tasks Completed]] -> 10 | H2: =HR_CleanTable[[#This Row],[Target Task]] -> 17 | I2: =HR_CleanTable[[#This Row],[Performance Score]] -> 6 | J2: =HR_CleanTable[[#This Row],[Attendance Status]] -> WFH | K2: =IFERROR(G2/Performance_Sheet[[#This Row],[Target Tasks]],0) -> 0.58823529 | L2: =IF(J2="Present",1,0) -> 0 | M2: =IF(I2>=8,"High Performer",IF(I2>=5,"Medium Performer","Low Performer")) -> Medium Performer | N2: =(I2*0.6)+(L2*0.4) -> 3.6 | O2: =IF(AND(I2>=7,L2=1),"Eligible","Not Eligible") -> Not Eligible
A3: =HR_CleanTable[[#This Row],[Employee ID]] -> E002 | B3: =HR_CleanTable[[#This Row],[Clean Employee Name]] -> Pooja | C3: =HR_CleanTable[[#This Row],[Clean Department]] -> FINANCE | D3: =HR_CleanTable[[#This Row],[Month]] -> January | E3: =HR_CleanTable[[#This Row],[Working Hours ]] -> 8 | F3: =HR_CleanTable[[#This Row],[Overtime Hours]] -> 0 | G3: =HR_CleanTable[[#This Row],[Tasks Completed]] -> 20 | H3: =HR_CleanTable[[#This Row],[Target Task]] -> 10 | I3: =HR_CleanTable[[#This Row],[Performance Score]] -> 7 | J3: =HR_CleanTable[[#This Row],[Attendance Status]] -> WFH | K3: =IFERROR(G3/Performance_Sheet[[#This Row],[Target Tasks]],0) -> 2 | L3: =IF(J3="Present",1,0) -> 0 | M3: =IF(I3>=8,"High Performer",IF(I3>=5,"Medium Performer","Low Performer")) -> Medium Performer | N3: =(I3*0.6)+(L3*0.4) -> 4.2 | O3: =IF(AND(I3>=7,L3=1),"Eligible","Not Eligible") -> Not Eligible
A4: =HR_CleanTable[[#This Row],[Employee ID]] -> E003 | B4: =HR_CleanTable[[#This Row],[Clean Employee Name]] -> Priya | C4: =HR_CleanTable[[#This Row],[Clean Department]] -> SALES | D4: =HR_CleanTable[[#This Row],[Month]] -> January | E4: =HR_CleanTable[[#This Row],[Working Hours ]] -> 8 | F4: =HR_CleanTable[[#This Row],[Overtime Hours]] -> 1 | G4: =HR_CleanTable[[#This Row],[Tasks Completed]] -> 19 | H4: =HR_CleanTable[[#This Row],[Target Task]] -> 18 | I4: =HR_CleanTable[[#This Row],[Performance Score]] -> 9 | J4: =HR_CleanTable[[#This Row],[Attendance Status]] -> Present | K4: =IFERROR(G4/Performance_Sheet[[#This Row],[Target Tasks]],0) -> 1.0555556 | L4: =IF(J4="Present",1,0) -> 1 | M4: =IF(I4>=8,"High Performer",IF(I4>=5,"Medium Performer","Low Performer")) -> High Performer | N4: =(I4*0.6)+(L4*0.4) -> 5.8 | O4: =IF(AND(I4>=7,L4=1),"Eligible","Not Eligible") -> Eligible
A5: =HR_CleanTable[[#This Row],[Employee ID]] -> E004 | B5: =HR_CleanTable[[#This Row],[Clean Employee Name]] -> Arjun | C5: =HR_CleanTable[[#This Row],[Clean Department]] -> FINANCE | D5: =HR_CleanTable[[#This Row],[Month]] -> January | E5: =HR_CleanTable[[#This Row],[Working Hours ]] -> 8 | F5: =HR_CleanTable[[#This Row],[Overtime Hours]] -> 3 | G5: =HR_CleanTable[[#This Row],[Tasks Completed]] -> 16 | H5: =HR_CleanTable[[#This Row],[Target Task]] -> 12 | I5: =HR_CleanTable[[#This Row],[Performance Score]] -> 10 | J5: =HR_CleanTable[[#This Row],[Attendance Status]] -> Present | K5: =IFERROR(G5/Performance_Sheet[[#This Row],[Target Tasks]],0) -> 1.3333333 | L5: =IF(J5="Present",1,0) -> 1 | M5: =IF(I5>=8,"High Performer",IF(I5>=5,"Medium Performer","Low Performer")) -> High Performer | N5: =(I5*0.6)+(L5*0.4) -> 6.4 | O5: =IF(AND(I5>=7,L5=1),"Eligible","Not Eligible") -> Eligible
A6: =HR_CleanTable[[#This Row],[Employee ID]] -> E005 | B6: =HR_CleanTable[[#This Row],[Clean Employee Name]] -> Kiran | C6: =HR_CleanTable[[#This Row],[Clean Department]] -> HR | D6: =HR_CleanTable[[#This Row],[Month]] -> January | E6: =HR_CleanTable[[#This Row],[Working Hours ]] -> 0 | F6: =HR_CleanTable[[#This Row],[Overtime Hours]] -> 0 | G6: =HR_CleanTable[[#This Row],[Tasks Completed]] -> 0 | H6: =HR_CleanTable[[#This Row],[Target Task]] -> 18 | I6: =HR_CleanTable[[#This Row],[Performance Score]] -> 9 | J6: =HR_CleanTable[[#This Row],[Attendance Status]] -> Absent | K6: =IFERROR(G6/Performance_Sheet[[#This Row],[Target Tasks]],0) -> 0 | L6: =IF(J6="Present",1,0) -> 0 | M6: =IF(I6>=8,"High Performer",IF(I6>=5,"Medium Performer","Low Performer")) -> High Performer | N6: =(I6*0.6)+(L6*0.4) -> 5.4 | O6: =IF(AND(I6>=7,L6=1),"Eligible","Not Eligible") -> Not Eligible
A7: =HR_CleanTable[[#This Row],[Employee ID]] -> E006 | B7: =HR_CleanTable[[#This Row],[Clean Employee Name]] -> Sneha | C7: =HR_CleanTable[[#This Row],[Clean Department]] -> IT | D7: =HR_CleanTable[[#This Row],[Month]] -> January | E7: =HR_CleanTable[[#This Row],[Working Hours ]] -> 8 | F7: =HR_CleanTable[[#This Row],[Overtime Hours]] -> 0 | G7: =HR_CleanTable[[#This Row],[Tasks Completed]] -> 9 | H7: =HR_CleanTable[[#This Row],[Target Task]] -> 17 | I7: =HR_CleanTable[[#This Row],[Performance Score]] -> 5 | J7: =HR_CleanTable[[#This Row],[Attendance Status]] -> WFH | K7: =IFERROR(G7/Performance_Sheet[[#This Row],[Target Tasks]],0) -> 0.52941176 | L7: =IF(J7="Present",1,0) -> 0 | M7: =IF(I7>=8,"High Performer",IF(I7>=5,"Medium Performer","Low Performer")) -> Medium Performer | N7: =(I7*0.6)+(L7*0.4) -> 3 | O7: =IF(AND(I7>=7,L7=1),"Eligible","Not Eligible") -> Not Eligible
A8: =HR_CleanTable[[#This Row],[Employee ID]] -> E007 | B8: =HR_CleanTable[[#This Row],[Clean Employee Name]] -> Varun | C8: =HR_CleanTable[[#This Row],[Clean Department]] -> HR | D8: =HR_CleanTable[[#This Row],[Month]] -> January | E8: =HR_CleanTable[[#This Row],[Working Hours ]] -> 8 | F8: =HR_CleanTable[[#This Row],[Overtime Hours]] -> 0 | G8: =HR_CleanTable[[#This Row],[Tasks Completed]] -> 19 | H8: =HR_CleanTable[[#This Row],[Target Task]] -> 12 | I8: =HR_CleanTable[[#This Row],[Performance Score]] -> 8 | J8: =HR_CleanTable[[#This Row],[Attendance Status]] -> Present | K8: =IFERROR(G8/Performance_Sheet[[#This Row],[Target Tasks]],0) -> 1.5833333 | L8: =IF(J8="Present",1,0) -> 1 | M8: =IF(I8>=8,"High Performer",IF(I8>=5,"Medium Performer","Low Performer")) -> High Performer | N8: =(I8*0.6)+(L8*0.4) -> 5.2 | O8: =IF(AND(I8>=7,L8=1),"Eligible","Not Eligible") -> Eligible
A9: =HR_CleanTable[[#This Row],[Employee ID]] -> E008 | B9: =HR_CleanTable[[#This Row],[Clean Employee Name]] -> Ravi | C9: =HR_CleanTable[[#This Row],[Clean Department]] -> HR | D9: =HR_CleanTable[[#This Row],[Month]] -> January | E9: =HR_CleanTable[[#This Row],[Working Hours ]] -> 0 | F9: =HR_CleanTable[[#This Row],[Overtime Hours]] -> 0 | G9: =HR_CleanTable[[#This Row],[Tasks Completed]] -> 0 | H9: =HR_CleanTable[[#This Row],[Target Task]] -> 19 | I9: =HR_CleanTable[[#This Row],[Performance Score]] -> 3 | J9: =HR_CleanTable[[#This Row],[Attendance Status]] -> Leave | K9: =IFERROR(G9/Performance_Sheet[[#This Row],[Target Tasks]],0) -> 0 | L9: =IF(J9="Present",1,0) -> 0 | M9: =IF(I9>=8,"High Performer",IF(I9>=5,"Medium Performer","Low Performer")) -> Low Performer | N9: =(I9*0.6)+(L9*0.4) -> 1.8 | O9: =IF(AND(I9>=7,L9=1),"Eligible","Not Eligible") -> Not Eligible
A10: =HR_CleanTable[[#This Row],[Employee ID]] -> E009 | B10: =HR_CleanTable[[#This Row],[Clean Employee Name]] -> Arjun | C10: =HR_CleanTable[[#This Row],[Clean Department]] -> SALES | D10: =HR_CleanTable[[#This Row],[Month]] -> January | E10: =HR_CleanTable[[#This Row],[Working Hours ]] -> 8 | F10: =HR_CleanTable[[#This Row],[Overtime Hours]] -> 0 | G10: =HR_CleanTable[[#This Row],[Tasks Completed]] -> 18 | H10: =HR_CleanTable[[#This Row],[Target Task]] -> 17 | I10: =HR_CleanTable[[#This Row],[Performance Score]] -> 10 | J10: =HR_CleanTable[[#This Row],[Attendance Status]] -> WFH | K10: =IFERROR(G10/Performance_Sheet[[#This Row],[Target Tasks]],0) -> 1.0588235 | L10: =IF(J10="Present",1,0) -> 0 | M10: =IF(I10>=8,"High Performer",IF(I10>=5,"Medium Performer","Low Performer")) -> High Performer | N10: =(I10*0.6)+(L10*0.4) -> 6 | O10: =IF(AND(I10>=7,L10=1),"Eligible","Not Eligible") -> Not Eligible
A11: =HR_CleanTable[[#This Row],[Employee ID]] -> E010 | B11: =HR_CleanTable[[#This Row],[Clean Employee Name]] -> Rohit | C11: =HR_CleanTable[[#This Row],[Clean Department]] -> HR | D11: =HR_CleanTable[[#This Row],[Month]] -> January | E11: =HR_CleanTable[[#This Row],[Working Hours ]] -> 8 | F11: =HR_CleanTable[[#This Row],[Overtime Hours]] -> 1 | G11: =HR_CleanTable[[#This Row],[Tasks Completed]] -> 15 | H11: =HR_CleanTable[[#This Row],[Target Task]] -> 11 | I11: =HR_CleanTable[[#This Row],[Performance Score]] -> 4 | J11: =HR_CleanTable[[#This Row],[Attendance Status]] -> Present | K11: =IFERROR(G11/Performance_Sheet[[#This Row],[Target Tasks]],0) -> 1.3636364 | L11: =IF(J11="Present",1,0) -> 1 | M11: =IF(I11>=8,"High Performer",IF(I11>=5,"Medium Performer","Low Performer")) -> Low Performer | N11: =(I11*0.6)+(L11*0.4) -> 2.8 | O11: =IF(AND(I11>=7,L11=1),"Eligible","Not Eligible") -> Not Eligible
A12: =HR_CleanTable[[#This Row],[Employee ID]] -> E011 | B12: =HR_CleanTable[[#This Row],[Clean Employee Name]] -> Rohit | C12: =HR_CleanTable[[#This Row],[Clean Department]] -> HR | D12: =HR_CleanTable[[#This Row],[Month]] -> January | E12: =HR_CleanTable[[#This Row],[Working Hours ]] -> 8 | F12: =HR_CleanTable[[#This Row],[Overtime Hours]] -> 0 | G12: =HR_CleanTable[[#This Row],[Tasks Completed]] -> 18 | H12: =HR_CleanTable[[#This Row],[Target Task]] -> 10 | I12: =HR_CleanTable[[#This Row],[Performance Score]] -> 5 | J12: =HR_CleanTable[[#This Row],[Attendance Status]] -> WFH | K12: =IFERROR(G12/Performance_Sheet[[#This Row],[Target Tasks]],0) -> 1.8 | L12: =IF(J12="Present",1,0) -> 0 | M12: =IF(I12>=8,"High Performer",IF(I12>=5,"Medium Performer","Low Performer")) -> Medium Performer | N12: =(I12*0.6)+(L12*0.4) -> 3 | O12: =IF(AND(I12>=7,L12=1),"Eligible","Not Eligible") -> Not Eligible
A13: =HR_CleanTable[[#This Row],[Employee ID]] -> E012 | B13: =HR_CleanTable[[#This Row],[Clean Employee Name]] -> Ravi | C13: =HR_CleanTable[[#This Row],[Clean Department]] -> SALES | D13: =HR_CleanTable[[#This Row],[Month]] -> January | E13: =HR_CleanTable[[#This Row],[Working Hours ]] -> 0 | F13: =HR_CleanTable[[#This Row],[Overtime Hours]] -> 0 | G13: =HR_CleanTable[[#This Row],[Tasks Completed]] -> 0 | H13: =HR_CleanTable[[#This Row],[Target Task]] -> 12 | I13: =HR_CleanTable[[#This Row],[Performance Score]] -> 8 | J13: =HR_CleanTable[[#This Row],[Attendance Status]] -> Absent | K13: =IFERROR(G13/Performance_Sheet[[#This Row],[Target Tasks]],0) -> 0 | L13: =IF(J13="Present",1,0) -> 0 | M13: =IF(I13>=8,"High Performer",IF(I13>=5,"Medium Performer","Low Performer")) -> High Performer | N13: =(I13*0.6)+(L13*0.4) -> 4.8 | O13: =IF(AND(I13>=7,L13=1),"Eligible","Not Eligible") -> Not Eligible
... A101: =HR_CleanTable[[#This Row],[Employee ID]] -> E100 | B101: =HR_CleanTable[[#This Row],[Clean Employee Name]] -> Sneha | C101: =HR_CleanTable[[#This Row],[Clean Department]] -> IT | D101: =HR_CleanTable[[#This Row],[Month]] -> April | E101: =HR_CleanTable[[#This Row],[Working Hours ]] -> 8 | F101: =HR_CleanTable[[#This Row],[Overtime Hours]] -> 1 | G101: =HR_CleanTable[[#This Row],[Tasks Completed]] -> 16 | H101: =HR_CleanTable[[#This Row],[Target Task]] -> 20 | I101: =HR_CleanTable[[#This Row],[Performance Score]] -> 10 | J101: =HR_CleanTable[[#This Row],[Attendance Status]] -> Present | K101: =IFERROR(G101/Performance_Sheet[[#This Row],[Target Tasks]],0) -> 0.8 | L101: =IF(J101="Present",1,0) -> 1 | M101: =IF(I101>=8,"High Performer",IF(I101>=5,"Medium Performer","Low Performer")) -> High Performer | N101: =(I101*0.6)+(L101*0.4) -> 6.4 | O101: =IF(AND(I101>=7,L101=1),"Eligible","Not Eligible") -> Eligible

Sheet KPI_Summary
A1: KPI | B1: VALUES
A2: Total Employees | B2: =COUNTA(_xlfn.UNIQUE('Performance Calculation'!A:A)) -> 102
A3: Total Present | B3: =COUNTIFS('Performance Calculation'!J:J,"Present") -> 28
A4: Total Absent | B4: =COUNTIF('Performance Calculation'!J:J,"Absent") -> 19
A5: Total Leave | B5: =COUNTIF('Performance Calculation'!J:J,"Leave") -> 24
A6: Total WFH | B6: =COUNTIF('Performance Calculation'!J:J,"WFH") -> 29
A7: Attendance % | B7: =AVERAGE('Performance Calculation'!L:L) -> 0.28
A8: Average Performance Score | B8: =AVERAGE('Performance Calculation'!I:I) -> 6.56
A9: Total Tasks Completed | B9: =SUM('Performance Calculation'!G:G) -> 744
A10: Total Target Tasks | B10: =SUM('Performance Calculation'!H:H) -> 1507
A11: Achievement % | B11: =AVERAGE('Performance Calculation'!K:K) -> 0.52551182
A12: High Performers | B12: =COUNTIF('Performance Calculation'!M:M,"High Performer") -> 35
A13: Low Performers | B13: =COUNTIF('Performance Calculation'!M:M,"Low Performer") -> 18
A14: Medium Performance | B14: =COUNTIF('Performance Calculation'!M:M,"Medium Performer") -> 47
A15: Bonus Eligible Employees | B15: =COUNTIF('Performance Calculation'!O:O,"Eligible") -> 15
A16: Total Overtime Hours | B16: =SUM('Performance Calculation'!E:E) -> 456

Sheet Department Performance Pivot
A1: Department Performance | G1: Attendance by Department | O1: Employee Performance
A3: Row Labels | B3: Average of Performance Score | G3: Row Labels | H3: Count of Employee ID | O3: Row Labels | P3: Sum of Target Task | Q3: Sum of Tasks Completed
A4: Sales | B4: 6.6315789 | G4: WFH | H4: 29 | O4: Kiran | P4: 192 | Q4: 113
A5: HR | B5: 6.5625 | G5: Present | H5: 28 | O5: Rohit | P5: 134 | Q5: 108
A6: Finance | B6: 6.55 | G6: Leave | H6: 24 | O6: Arjun | P6: 102 | Q6: 87
A7: IT | B7: 6.5172414 | G7: Absent | H7: 19 | O7: Priya | P7: 124 | Q7: 77
A8: Grand Total | B8: 6.56 | G8: Grand Total | H8: 100 | O8: Pooja | P8: 134 | Q8: 76
O9: Meena | P9: 183 | Q9: 70
O10: Varun | P10: 225 | Q10: 68
O11: Sneha | P11: 175 | Q11: 56
A12: Monthly Trend | E12: Location Analysis | O12: Asha | P12: 100 | Q12: 47
O13: Ravi | P13: 138 | Q13: 42
A14: Row Labels | B14: Sum of Tasks Completed | E14: Row Labels | F14: Sum of Tasks Completed | G14: Average of Performance Score | O14: Grand Total | P14: 1507 | Q14: 744
A15: January | B15: 164 | E15: Bangalore | F15: 227 | G15: 6.4782609
A16: February | B16: 235 | E16: Chennai | F16: 164 | G16: 6.52
A17: March | B17: 193 | E17: Hyderabad | F17: 112 | G17: 6.88
A18: April | B18: 152 | E18: Mumbai | F18: 241 | G18: 6.3703704
A19: Grand Total | B19: 744 | E19: Grand Total | F19: 744 | G19: 6.56

Sheet Dashboard
